<?xml version="1.0" encoding="UTF-8"?>
<stimuliset>
    <namedstimuli>
        <stimuliname>in_a</stimuliname>
        <timeStamp>10/10/2024;11:30:46:PM</timeStamp>
        <libname></libname>
        <srctype>bit</srctype>
        <sourcetype>V</sourcetype>
        <cdfinstname>vbit</cdfinstname>
        <parameterset>
            <parameter>
                <cdfname>data</cdfname>
                <prompt>Pattern Parameter data</prompt>
                <datatype>string</datatype>
                <value>11111</value>
                <defvalue></defvalue>
            </parameter>
            <parameter>
                <cdfname>rptstart</cdfname>
                <prompt>Pattern Parameter rptstart</prompt>
                <datatype>string</datatype>
                <value>1</value>
                <defvalue>1</defvalue>
            </parameter>
            <parameter>
                <cdfname>rpttimes</cdfname>
                <prompt>Pattern Parameter rpttimes</prompt>
                <datatype>string</datatype>
                <value>0</value>
                <defvalue>0</defvalue>
            </parameter>
            <parameter>
                <cdfname>trigger</cdfname>
                <prompt>Trigger</prompt>
                <datatype>cyclic</datatype>
                <value>Internal</value>
                <defvalue>Internal</defvalue>
            </parameter>
            <parameter>
                <cdfname>nPeriodicJitter</cdfname>
                <prompt>Number of periodic jitters</prompt>
                <datatype>string</datatype>
                <value>0</value>
                <defvalue>0</defvalue>
            </parameter>
            <parameter>
                <cdfname>val1</cdfname>
                <prompt>One value</prompt>
                <datatype>string</datatype>
                <value>1</value>
                <defvalue></defvalue>
            </parameter>
            <parameter>
                <cdfname>val0</cdfname>
                <prompt>Zero value</prompt>
                <datatype>string</datatype>
                <value>0</value>
                <defvalue></defvalue>
            </parameter>
            <parameter>
                <cdfname>tr</cdfname>
                <prompt>Rise time</prompt>
                <datatype>string</datatype>
                <value>5p</value>
                <defvalue></defvalue>
            </parameter>
            <parameter>
                <cdfname>tf</cdfname>
                <prompt>Fall time</prompt>
                <datatype>string</datatype>
                <value>5p</value>
                <defvalue></defvalue>
            </parameter>
            <parameter>
                <cdfname>per</cdfname>
                <prompt>Period</prompt>
                <datatype>string</datatype>
                <value>2n</value>
                <defvalue></defvalue>
            </parameter>
        </parameterset>
    </namedstimuli>
    <namedstimuli>
        <stimuliname>in_b</stimuliname>
        <timeStamp>10/10/2024;11:31:2:PM</timeStamp>
        <libname></libname>
        <srctype>bit</srctype>
        <sourcetype>V</sourcetype>
        <cdfinstname>vbit</cdfinstname>
        <parameterset>
            <parameter>
                <cdfname>data</cdfname>
                <prompt>Pattern Parameter data</prompt>
                <datatype>string</datatype>
                <value>10101</value>
                <defvalue></defvalue>
            </parameter>
            <parameter>
                <cdfname>rptstart</cdfname>
                <prompt>Pattern Parameter rptstart</prompt>
                <datatype>string</datatype>
                <value>1</value>
                <defvalue>1</defvalue>
            </parameter>
            <parameter>
                <cdfname>rpttimes</cdfname>
                <prompt>Pattern Parameter rpttimes</prompt>
                <datatype>string</datatype>
                <value>0</value>
                <defvalue>0</defvalue>
            </parameter>
            <parameter>
                <cdfname>trigger</cdfname>
                <prompt>Trigger</prompt>
                <datatype>cyclic</datatype>
                <value>Internal</value>
                <defvalue>Internal</defvalue>
            </parameter>
            <parameter>
                <cdfname>nPeriodicJitter</cdfname>
                <prompt>Number of periodic jitters</prompt>
                <datatype>string</datatype>
                <value>0</value>
                <defvalue>0</defvalue>
            </parameter>
            <parameter>
                <cdfname>val1</cdfname>
                <prompt>One value</prompt>
                <datatype>string</datatype>
                <value>1</value>
                <defvalue></defvalue>
            </parameter>
            <parameter>
                <cdfname>val0</cdfname>
                <prompt>Zero value</prompt>
                <datatype>string</datatype>
                <value>0</value>
                <defvalue></defvalue>
            </parameter>
            <parameter>
                <cdfname>tr</cdfname>
                <prompt>Rise time</prompt>
                <datatype>string</datatype>
                <value>5p</value>
                <defvalue></defvalue>
            </parameter>
            <parameter>
                <cdfname>tf</cdfname>
                <prompt>Fall time</prompt>
                <datatype>string</datatype>
                <value>5p</value>
                <defvalue></defvalue>
            </parameter>
            <parameter>
                <cdfname>per</cdfname>
                <prompt>Period</prompt>
                <datatype>string</datatype>
                <value>2n</value>
                <defvalue></defvalue>
            </parameter>
        </parameterset>
    </namedstimuli>
</stimuliset>