<?xml version="1.0" encoding="UTF-8"?>
<stimuliset>
    <namedstimuli>
        <stimuliname>a0</stimuliname>
        <timeStamp>10/10/2024;8:24:37:PM</timeStamp>
        <simStopTime>1n</simStopTime>
        <isourceResistorValue>1k</isourceResistorValue>
        <libname></libname>
        <srctype>bit</srctype>
        <sourcetype>V</sourcetype>
        <cdfinstname>vbit</cdfinstname>
        <parameterset>
            <parameter>
                <cdfname>data</cdfname>
                <prompt>Pattern Parameter data</prompt>
                <datatype>string</datatype>
                <value>00010</value>
                <defvalue></defvalue>
            </parameter>
            <parameter>
                <cdfname>rptstart</cdfname>
                <prompt>Pattern Parameter rptstart</prompt>
                <datatype>string</datatype>
                <value>1</value>
                <defvalue>1</defvalue>
            </parameter>
            <parameter>
                <cdfname>rpttimes</cdfname>
                <prompt>Pattern Parameter rpttimes</prompt>
                <datatype>string</datatype>
                <value>0</value>
                <defvalue>0</defvalue>
            </parameter>
            <parameter>
                <cdfname>trigger</cdfname>
                <prompt>Trigger</prompt>
                <datatype>cyclic</datatype>
                <value>Internal</value>
                <defvalue>Internal</defvalue>
            </parameter>
            <parameter>
                <cdfname>nPeriodicJitter</cdfname>
                <prompt>Number of periodic jitters</prompt>
                <datatype>string</datatype>
                <value>0</value>
                <defvalue>0</defvalue>
            </parameter>
            <parameter>
                <cdfname>val1</cdfname>
                <prompt>One value</prompt>
                <datatype>string</datatype>
                <value>1</value>
                <defvalue></defvalue>
            </parameter>
            <parameter>
                <cdfname>val0</cdfname>
                <prompt>Zero value</prompt>
                <datatype>string</datatype>
                <value>0</value>
                <defvalue></defvalue>
            </parameter>
            <parameter>
                <cdfname>tr</cdfname>
                <prompt>Rise time</prompt>
                <datatype>string</datatype>
                <value>10p</value>
                <defvalue></defvalue>
            </parameter>
            <parameter>
                <cdfname>tf</cdfname>
                <prompt>Fall time</prompt>
                <datatype>string</datatype>
                <value>10p</value>
                <defvalue></defvalue>
            </parameter>
            <parameter>
                <cdfname>per</cdfname>
                <prompt>Period</prompt>
                <datatype>string</datatype>
                <value>2n</value>
                <defvalue></defvalue>
            </parameter>
        </parameterset>
    </namedstimuli>
    <namedstimuli>
        <stimuliname>a1</stimuliname>
        <timeStamp>10/10/2024;9:56:50:AM</timeStamp>
        <simStopTime>1n</simStopTime>
        <isourceResistorValue>1k</isourceResistorValue>
        <libname></libname>
        <srctype>bit</srctype>
        <sourcetype>V</sourcetype>
        <cdfinstname>vbit</cdfinstname>
        <parameterset>
            <parameter>
                <cdfname>data</cdfname>
                <prompt>Pattern Parameter data</prompt>
                <datatype>string</datatype>
                <value>000</value>
                <defvalue></defvalue>
            </parameter>
            <parameter>
                <cdfname>rptstart</cdfname>
                <prompt>Pattern Parameter rptstart</prompt>
                <datatype>string</datatype>
                <value>1</value>
                <defvalue>1</defvalue>
            </parameter>
            <parameter>
                <cdfname>rpttimes</cdfname>
                <prompt>Pattern Parameter rpttimes</prompt>
                <datatype>string</datatype>
                <value>0</value>
                <defvalue>0</defvalue>
            </parameter>
            <parameter>
                <cdfname>trigger</cdfname>
                <prompt>Trigger</prompt>
                <datatype>cyclic</datatype>
                <value>Internal</value>
                <defvalue>Internal</defvalue>
            </parameter>
            <parameter>
                <cdfname>nPeriodicJitter</cdfname>
                <prompt>Number of periodic jitters</prompt>
                <datatype>string</datatype>
                <value>0</value>
                <defvalue>0</defvalue>
            </parameter>
            <parameter>
                <cdfname>val1</cdfname>
                <prompt>One value</prompt>
                <datatype>string</datatype>
                <value>1</value>
                <defvalue></defvalue>
            </parameter>
            <parameter>
                <cdfname>val0</cdfname>
                <prompt>Zero value</prompt>
                <datatype>string</datatype>
                <value>0</value>
                <defvalue></defvalue>
            </parameter>
            <parameter>
                <cdfname>tr</cdfname>
                <prompt>Rise time</prompt>
                <datatype>string</datatype>
                <value>10p</value>
                <defvalue></defvalue>
            </parameter>
            <parameter>
                <cdfname>tf</cdfname>
                <prompt>Fall time</prompt>
                <datatype>string</datatype>
                <value>10p</value>
                <defvalue></defvalue>
            </parameter>
            <parameter>
                <cdfname>per</cdfname>
                <prompt>Period</prompt>
                <datatype>string</datatype>
                <value>2n</value>
                <defvalue></defvalue>
            </parameter>
        </parameterset>
    </namedstimuli>
    <namedstimuli>
        <stimuliname>a2</stimuliname>
        <timeStamp>10/10/2024;10:28:48:AM</timeStamp>
        <simStopTime>1n</simStopTime>
        <isourceResistorValue>1k</isourceResistorValue>
        <libname></libname>
        <srctype>bit</srctype>
        <sourcetype>V</sourcetype>
        <cdfinstname>vbit</cdfinstname>
        <parameterset>
            <parameter>
                <cdfname>data</cdfname>
                <prompt>Pattern Parameter data</prompt>
                <datatype>string</datatype>
                <value>00</value>
                <defvalue></defvalue>
            </parameter>
            <parameter>
                <cdfname>rptstart</cdfname>
                <prompt>Pattern Parameter rptstart</prompt>
                <datatype>string</datatype>
                <value>1</value>
                <defvalue>1</defvalue>
            </parameter>
            <parameter>
                <cdfname>rpttimes</cdfname>
                <prompt>Pattern Parameter rpttimes</prompt>
                <datatype>string</datatype>
                <value>0</value>
                <defvalue>0</defvalue>
            </parameter>
            <parameter>
                <cdfname>trigger</cdfname>
                <prompt>Trigger</prompt>
                <datatype>cyclic</datatype>
                <value>Internal</value>
                <defvalue>Internal</defvalue>
            </parameter>
            <parameter>
                <cdfname>nPeriodicJitter</cdfname>
                <prompt>Number of periodic jitters</prompt>
                <datatype>string</datatype>
                <value>0</value>
                <defvalue>0</defvalue>
            </parameter>
            <parameter>
                <cdfname>val1</cdfname>
                <prompt>One value</prompt>
                <datatype>string</datatype>
                <value>1</value>
                <defvalue></defvalue>
            </parameter>
            <parameter>
                <cdfname>val0</cdfname>
                <prompt>Zero value</prompt>
                <datatype>string</datatype>
                <value>0</value>
                <defvalue></defvalue>
            </parameter>
            <parameter>
                <cdfname>tr</cdfname>
                <prompt>Rise time</prompt>
                <datatype>string</datatype>
                <value>10p</value>
                <defvalue></defvalue>
            </parameter>
            <parameter>
                <cdfname>tf</cdfname>
                <prompt>Fall time</prompt>
                <datatype>string</datatype>
                <value>10p</value>
                <defvalue></defvalue>
            </parameter>
            <parameter>
                <cdfname>per</cdfname>
                <prompt>Period</prompt>
                <datatype>string</datatype>
                <value>2n</value>
                <defvalue></defvalue>
            </parameter>
        </parameterset>
    </namedstimuli>
    <namedstimuli>
        <stimuliname>a3</stimuliname>
        <timeStamp>10/10/2024;10:28:52:AM</timeStamp>
        <simStopTime>1n</simStopTime>
        <isourceResistorValue>1k</isourceResistorValue>
        <libname></libname>
        <srctype>bit</srctype>
        <sourcetype>V</sourcetype>
        <cdfinstname>vbit</cdfinstname>
        <parameterset>
            <parameter>
                <cdfname>data</cdfname>
                <prompt>Pattern Parameter data</prompt>
                <datatype>string</datatype>
                <value>00</value>
                <defvalue></defvalue>
            </parameter>
            <parameter>
                <cdfname>rptstart</cdfname>
                <prompt>Pattern Parameter rptstart</prompt>
                <datatype>string</datatype>
                <value>1</value>
                <defvalue>1</defvalue>
            </parameter>
            <parameter>
                <cdfname>rpttimes</cdfname>
                <prompt>Pattern Parameter rpttimes</prompt>
                <datatype>string</datatype>
                <value>0</value>
                <defvalue>0</defvalue>
            </parameter>
            <parameter>
                <cdfname>trigger</cdfname>
                <prompt>Trigger</prompt>
                <datatype>cyclic</datatype>
                <value>Internal</value>
                <defvalue>Internal</defvalue>
            </parameter>
            <parameter>
                <cdfname>nPeriodicJitter</cdfname>
                <prompt>Number of periodic jitters</prompt>
                <datatype>string</datatype>
                <value>0</value>
                <defvalue>0</defvalue>
            </parameter>
            <parameter>
                <cdfname>val1</cdfname>
                <prompt>One value</prompt>
                <datatype>string</datatype>
                <value>1</value>
                <defvalue></defvalue>
            </parameter>
            <parameter>
                <cdfname>val0</cdfname>
                <prompt>Zero value</prompt>
                <datatype>string</datatype>
                <value>0</value>
                <defvalue></defvalue>
            </parameter>
            <parameter>
                <cdfname>tr</cdfname>
                <prompt>Rise time</prompt>
                <datatype>string</datatype>
                <value>10p</value>
                <defvalue></defvalue>
            </parameter>
            <parameter>
                <cdfname>tf</cdfname>
                <prompt>Fall time</prompt>
                <datatype>string</datatype>
                <value>10p</value>
                <defvalue></defvalue>
            </parameter>
            <parameter>
                <cdfname>per</cdfname>
                <prompt>Period</prompt>
                <datatype>string</datatype>
                <value>2n</value>
                <defvalue></defvalue>
            </parameter>
        </parameterset>
    </namedstimuli>
    <namedstimuli>
        <stimuliname>b0</stimuliname>
        <timeStamp>10/10/2024;8:25:3:PM</timeStamp>
        <simStopTime>1n</simStopTime>
        <isourceResistorValue>1k</isourceResistorValue>
        <libname></libname>
        <srctype>bit</srctype>
        <sourcetype>V</sourcetype>
        <cdfinstname>vbit</cdfinstname>
        <parameterset>
            <parameter>
                <cdfname>data</cdfname>
                <prompt>Pattern Parameter data</prompt>
                <datatype>string</datatype>
                <value>1111101</value>
                <defvalue></defvalue>
            </parameter>
            <parameter>
                <cdfname>rptstart</cdfname>
                <prompt>Pattern Parameter rptstart</prompt>
                <datatype>string</datatype>
                <value>1</value>
                <defvalue>1</defvalue>
            </parameter>
            <parameter>
                <cdfname>rpttimes</cdfname>
                <prompt>Pattern Parameter rpttimes</prompt>
                <datatype>string</datatype>
                <value>0</value>
                <defvalue>0</defvalue>
            </parameter>
            <parameter>
                <cdfname>trigger</cdfname>
                <prompt>Trigger</prompt>
                <datatype>cyclic</datatype>
                <value>Internal</value>
                <defvalue>Internal</defvalue>
            </parameter>
            <parameter>
                <cdfname>nPeriodicJitter</cdfname>
                <prompt>Number of periodic jitters</prompt>
                <datatype>string</datatype>
                <value>0</value>
                <defvalue>0</defvalue>
            </parameter>
            <parameter>
                <cdfname>val1</cdfname>
                <prompt>One value</prompt>
                <datatype>string</datatype>
                <value>1</value>
                <defvalue></defvalue>
            </parameter>
            <parameter>
                <cdfname>val0</cdfname>
                <prompt>Zero value</prompt>
                <datatype>string</datatype>
                <value>0</value>
                <defvalue></defvalue>
            </parameter>
            <parameter>
                <cdfname>tr</cdfname>
                <prompt>Rise time</prompt>
                <datatype>string</datatype>
                <value>10p</value>
                <defvalue></defvalue>
            </parameter>
            <parameter>
                <cdfname>tf</cdfname>
                <prompt>Fall time</prompt>
                <datatype>string</datatype>
                <value>10p</value>
                <defvalue></defvalue>
            </parameter>
            <parameter>
                <cdfname>per</cdfname>
                <prompt>Period</prompt>
                <datatype>string</datatype>
                <value>2n</value>
                <defvalue></defvalue>
            </parameter>
        </parameterset>
    </namedstimuli>
    <namedstimuli>
        <stimuliname>b1</stimuliname>
        <timeStamp>10/10/2024;10:28:59:AM</timeStamp>
        <simStopTime>1n</simStopTime>
        <isourceResistorValue>1k</isourceResistorValue>
        <libname></libname>
        <srctype>bit</srctype>
        <sourcetype>V</sourcetype>
        <cdfinstname>vbit</cdfinstname>
        <parameterset>
            <parameter>
                <cdfname>data</cdfname>
                <prompt>Pattern Parameter data</prompt>
                <datatype>string</datatype>
                <value>1</value>
                <defvalue></defvalue>
            </parameter>
            <parameter>
                <cdfname>rptstart</cdfname>
                <prompt>Pattern Parameter rptstart</prompt>
                <datatype>string</datatype>
                <value>1</value>
                <defvalue>1</defvalue>
            </parameter>
            <parameter>
                <cdfname>rpttimes</cdfname>
                <prompt>Pattern Parameter rpttimes</prompt>
                <datatype>string</datatype>
                <value>0</value>
                <defvalue>0</defvalue>
            </parameter>
            <parameter>
                <cdfname>trigger</cdfname>
                <prompt>Trigger</prompt>
                <datatype>cyclic</datatype>
                <value>Internal</value>
                <defvalue>Internal</defvalue>
            </parameter>
            <parameter>
                <cdfname>nPeriodicJitter</cdfname>
                <prompt>Number of periodic jitters</prompt>
                <datatype>string</datatype>
                <value>0</value>
                <defvalue>0</defvalue>
            </parameter>
            <parameter>
                <cdfname>val1</cdfname>
                <prompt>One value</prompt>
                <datatype>string</datatype>
                <value>1</value>
                <defvalue></defvalue>
            </parameter>
            <parameter>
                <cdfname>val0</cdfname>
                <prompt>Zero value</prompt>
                <datatype>string</datatype>
                <value>0</value>
                <defvalue></defvalue>
            </parameter>
            <parameter>
                <cdfname>tr</cdfname>
                <prompt>Rise time</prompt>
                <datatype>string</datatype>
                <value>10p</value>
                <defvalue></defvalue>
            </parameter>
            <parameter>
                <cdfname>tf</cdfname>
                <prompt>Fall time</prompt>
                <datatype>string</datatype>
                <value>10p</value>
                <defvalue></defvalue>
            </parameter>
            <parameter>
                <cdfname>per</cdfname>
                <prompt>Period</prompt>
                <datatype>string</datatype>
                <value>2n</value>
                <defvalue></defvalue>
            </parameter>
        </parameterset>
    </namedstimuli>
    <namedstimuli>
        <stimuliname>b2</stimuliname>
        <timeStamp>10/10/2024;10:29:1:AM</timeStamp>
        <simStopTime>1n</simStopTime>
        <isourceResistorValue>1k</isourceResistorValue>
        <libname></libname>
        <srctype>bit</srctype>
        <sourcetype>V</sourcetype>
        <cdfinstname>vbit</cdfinstname>
        <parameterset>
            <parameter>
                <cdfname>data</cdfname>
                <prompt>Pattern Parameter data</prompt>
                <datatype>string</datatype>
                <value>1</value>
                <defvalue></defvalue>
            </parameter>
            <parameter>
                <cdfname>rptstart</cdfname>
                <prompt>Pattern Parameter rptstart</prompt>
                <datatype>string</datatype>
                <value>1</value>
                <defvalue>1</defvalue>
            </parameter>
            <parameter>
                <cdfname>rpttimes</cdfname>
                <prompt>Pattern Parameter rpttimes</prompt>
                <datatype>string</datatype>
                <value>0</value>
                <defvalue>0</defvalue>
            </parameter>
            <parameter>
                <cdfname>trigger</cdfname>
                <prompt>Trigger</prompt>
                <datatype>cyclic</datatype>
                <value>Internal</value>
                <defvalue>Internal</defvalue>
            </parameter>
            <parameter>
                <cdfname>nPeriodicJitter</cdfname>
                <prompt>Number of periodic jitters</prompt>
                <datatype>string</datatype>
                <value>0</value>
                <defvalue>0</defvalue>
            </parameter>
            <parameter>
                <cdfname>val1</cdfname>
                <prompt>One value</prompt>
                <datatype>string</datatype>
                <value>1</value>
                <defvalue></defvalue>
            </parameter>
            <parameter>
                <cdfname>val0</cdfname>
                <prompt>Zero value</prompt>
                <datatype>string</datatype>
                <value>0</value>
                <defvalue></defvalue>
            </parameter>
            <parameter>
                <cdfname>tr</cdfname>
                <prompt>Rise time</prompt>
                <datatype>string</datatype>
                <value>10p</value>
                <defvalue></defvalue>
            </parameter>
            <parameter>
                <cdfname>tf</cdfname>
                <prompt>Fall time</prompt>
                <datatype>string</datatype>
                <value>10p</value>
                <defvalue></defvalue>
            </parameter>
            <parameter>
                <cdfname>per</cdfname>
                <prompt>Period</prompt>
                <datatype>string</datatype>
                <value>2n</value>
                <defvalue></defvalue>
            </parameter>
        </parameterset>
    </namedstimuli>
    <namedstimuli>
        <stimuliname>b3</stimuliname>
        <timeStamp>10/10/2024;10:29:3:AM</timeStamp>
        <simStopTime>1n</simStopTime>
        <isourceResistorValue>1k</isourceResistorValue>
        <libname></libname>
        <srctype>bit</srctype>
        <sourcetype>V</sourcetype>
        <cdfinstname>vbit</cdfinstname>
        <parameterset>
            <parameter>
                <cdfname>data</cdfname>
                <prompt>Pattern Parameter data</prompt>
                <datatype>string</datatype>
                <value>1</value>
                <defvalue></defvalue>
            </parameter>
            <parameter>
                <cdfname>rptstart</cdfname>
                <prompt>Pattern Parameter rptstart</prompt>
                <datatype>string</datatype>
                <value>1</value>
                <defvalue>1</defvalue>
            </parameter>
            <parameter>
                <cdfname>rpttimes</cdfname>
                <prompt>Pattern Parameter rpttimes</prompt>
                <datatype>string</datatype>
                <value>0</value>
                <defvalue>0</defvalue>
            </parameter>
            <parameter>
                <cdfname>trigger</cdfname>
                <prompt>Trigger</prompt>
                <datatype>cyclic</datatype>
                <value>Internal</value>
                <defvalue>Internal</defvalue>
            </parameter>
            <parameter>
                <cdfname>nPeriodicJitter</cdfname>
                <prompt>Number of periodic jitters</prompt>
                <datatype>string</datatype>
                <value>0</value>
                <defvalue>0</defvalue>
            </parameter>
            <parameter>
                <cdfname>val1</cdfname>
                <prompt>One value</prompt>
                <datatype>string</datatype>
                <value>1</value>
                <defvalue></defvalue>
            </parameter>
            <parameter>
                <cdfname>val0</cdfname>
                <prompt>Zero value</prompt>
                <datatype>string</datatype>
                <value>0</value>
                <defvalue></defvalue>
            </parameter>
            <parameter>
                <cdfname>tr</cdfname>
                <prompt>Rise time</prompt>
                <datatype>string</datatype>
                <value>10p</value>
                <defvalue></defvalue>
            </parameter>
            <parameter>
                <cdfname>tf</cdfname>
                <prompt>Fall time</prompt>
                <datatype>string</datatype>
                <value>10p</value>
                <defvalue></defvalue>
            </parameter>
            <parameter>
                <cdfname>per</cdfname>
                <prompt>Period</prompt>
                <datatype>string</datatype>
                <value>2n</value>
                <defvalue></defvalue>
            </parameter>
        </parameterset>
    </namedstimuli>
    <namedstimuli>
        <stimuliname>cin</stimuliname>
        <timeStamp>10/10/2024;10:31:21:AM</timeStamp>
        <simStopTime>1n</simStopTime>
        <isourceResistorValue>1k</isourceResistorValue>
        <libname></libname>
        <srctype>bit</srctype>
        <sourcetype>V</sourcetype>
        <cdfinstname>vbit</cdfinstname>
        <parameterset>
            <parameter>
                <cdfname>data</cdfname>
                <prompt>Pattern Parameter data</prompt>
                <datatype>string</datatype>
                <value>101</value>
                <defvalue></defvalue>
            </parameter>
            <parameter>
                <cdfname>rptstart</cdfname>
                <prompt>Pattern Parameter rptstart</prompt>
                <datatype>string</datatype>
                <value>1</value>
                <defvalue>1</defvalue>
            </parameter>
            <parameter>
                <cdfname>rpttimes</cdfname>
                <prompt>Pattern Parameter rpttimes</prompt>
                <datatype>string</datatype>
                <value>0</value>
                <defvalue>0</defvalue>
            </parameter>
            <parameter>
                <cdfname>trigger</cdfname>
                <prompt>Trigger</prompt>
                <datatype>cyclic</datatype>
                <value>Internal</value>
                <defvalue>Internal</defvalue>
            </parameter>
            <parameter>
                <cdfname>nPeriodicJitter</cdfname>
                <prompt>Number of periodic jitters</prompt>
                <datatype>string</datatype>
                <value>0</value>
                <defvalue>0</defvalue>
            </parameter>
            <parameter>
                <cdfname>val1</cdfname>
                <prompt>One value</prompt>
                <datatype>string</datatype>
                <value>1</value>
                <defvalue></defvalue>
            </parameter>
            <parameter>
                <cdfname>val0</cdfname>
                <prompt>Zero value</prompt>
                <datatype>string</datatype>
                <value>0</value>
                <defvalue></defvalue>
            </parameter>
            <parameter>
                <cdfname>tr</cdfname>
                <prompt>Rise time</prompt>
                <datatype>string</datatype>
                <value>10p</value>
                <defvalue></defvalue>
            </parameter>
            <parameter>
                <cdfname>tf</cdfname>
                <prompt>Fall time</prompt>
                <datatype>string</datatype>
                <value>10p</value>
                <defvalue></defvalue>
            </parameter>
            <parameter>
                <cdfname>per</cdfname>
                <prompt>Period</prompt>
                <datatype>string</datatype>
                <value>2n</value>
                <defvalue></defvalue>
            </parameter>
        </parameterset>
    </namedstimuli>
    <namedstimuli>
        <stimuliname>vdd</stimuliname>
        <timeStamp>10/10/2024;9:59:37:AM</timeStamp>
        <simStopTime>1n</simStopTime>
        <isourceResistorValue>1k</isourceResistorValue>
        <libname></libname>
        <srctype>dc</srctype>
        <sourcetype>V</sourcetype>
        <cdfinstname>vdc</cdfinstname>
        <parameterset>
            <parameter>
                <cdfname>FNpairs</cdfname>
                <prompt>Number of noise/freq pairs</prompt>
                <datatype>int</datatype>
                <value>0</value>
                <defvalue>0</defvalue>
            </parameter>
            <parameter>
                <cdfname>vdc</cdfname>
                <prompt>DC voltage</prompt>
                <datatype>string</datatype>
                <value>1</value>
                <defvalue></defvalue>
            </parameter>
        </parameterset>
    </namedstimuli>
</stimuliset>