<?xml version="1.0" encoding="UTF-8"?>
<stimuliset>
    <namedstimuli>
        <stimuliname>buttonIs1</stimuliname>
        <timeStamp>09/09/2024;5:32:16:AM</timeStamp>
        <simStopTime>1n</simStopTime>
        <isourceResistorValue>1k</isourceResistorValue>
        <libname></libname>
        <srctype>dc</srctype>
        <sourcetype>V</sourcetype>
        <cdfinstname>vdc</cdfinstname>
        <parameterset>
            <parameter>
                <cdfname>FNpairs</cdfname>
                <prompt>Number of noise/freq pairs</prompt>
                <datatype>int</datatype>
                <value>0</value>
                <defvalue>0</defvalue>
            </parameter>
            <parameter>
                <cdfname>vdc</cdfname>
                <prompt>DC voltage</prompt>
                <datatype>string</datatype>
                <value>1</value>
                <defvalue></defvalue>
            </parameter>
        </parameterset>
    </namedstimuli>
    <namedstimuli>
        <stimuliname>clock</stimuliname>
        <timeStamp>09/09/2024;8:12:58:PM</timeStamp>
        <simStopTime>1n</simStopTime>
        <isourceResistorValue>1k</isourceResistorValue>
        <libname></libname>
        <srctype>bit</srctype>
        <sourcetype>V</sourcetype>
        <cdfinstname>vbit</cdfinstname>
        <parameterset>
            <parameter>
                <cdfname>data</cdfname>
                <prompt>Pattern Parameter data</prompt>
                <datatype>string</datatype>
                <value>10</value>
                <defvalue></defvalue>
            </parameter>
            <parameter>
                <cdfname>rptstart</cdfname>
                <prompt>Pattern Parameter rptstart</prompt>
                <datatype>string</datatype>
                <value>1</value>
                <defvalue>1</defvalue>
            </parameter>
            <parameter>
                <cdfname>rpttimes</cdfname>
                <prompt>Pattern Parameter rpttimes</prompt>
                <datatype>string</datatype>
                <value>20</value>
                <defvalue>0</defvalue>
            </parameter>
            <parameter>
                <cdfname>trigger</cdfname>
                <prompt>Trigger</prompt>
                <datatype>cyclic</datatype>
                <value>Internal</value>
                <defvalue>Internal</defvalue>
            </parameter>
            <parameter>
                <cdfname>nPeriodicJitter</cdfname>
                <prompt>Number of periodic jitters</prompt>
                <datatype>string</datatype>
                <value>0</value>
                <defvalue>0</defvalue>
            </parameter>
            <parameter>
                <cdfname>val1</cdfname>
                <prompt>One value</prompt>
                <datatype>string</datatype>
                <value>1</value>
                <defvalue></defvalue>
            </parameter>
            <parameter>
                <cdfname>val0</cdfname>
                <prompt>Zero value</prompt>
                <datatype>string</datatype>
                <value>0</value>
                <defvalue></defvalue>
            </parameter>
            <parameter>
                <cdfname>tr</cdfname>
                <prompt>Rise time</prompt>
                <datatype>string</datatype>
                <value>10n</value>
                <defvalue></defvalue>
            </parameter>
            <parameter>
                <cdfname>tf</cdfname>
                <prompt>Fall time</prompt>
                <datatype>string</datatype>
                <value>10n</value>
                <defvalue></defvalue>
            </parameter>
            <parameter>
                <cdfname>per</cdfname>
                <prompt>Period</prompt>
                <datatype>string</datatype>
                <value>1ms</value>
                <defvalue></defvalue>
            </parameter>
        </parameterset>
    </namedstimuli>
    <namedstimuli>
        <stimuliname>init1</stimuliname>
        <timeStamp>09/09/2024;4:33:31:PM</timeStamp>
        <simStopTime>1n</simStopTime>
        <isourceResistorValue>1k</isourceResistorValue>
        <libname></libname>
        <srctype>bit</srctype>
        <sourcetype>V</sourcetype>
        <cdfinstname>vbit</cdfinstname>
        <parameterset>
            <parameter>
                <cdfname>data</cdfname>
                <prompt>Pattern Parameter data</prompt>
                <datatype>string</datatype>
                <value>10</value>
                <defvalue></defvalue>
            </parameter>
            <parameter>
                <cdfname>rptstart</cdfname>
                <prompt>Pattern Parameter rptstart</prompt>
                <datatype>string</datatype>
                <value>1</value>
                <defvalue>1</defvalue>
            </parameter>
            <parameter>
                <cdfname>rpttimes</cdfname>
                <prompt>Pattern Parameter rpttimes</prompt>
                <datatype>string</datatype>
                <value>0</value>
                <defvalue>0</defvalue>
            </parameter>
            <parameter>
                <cdfname>trigger</cdfname>
                <prompt>Trigger</prompt>
                <datatype>cyclic</datatype>
                <value>Internal</value>
                <defvalue>Internal</defvalue>
            </parameter>
            <parameter>
                <cdfname>nPeriodicJitter</cdfname>
                <prompt>Number of periodic jitters</prompt>
                <datatype>string</datatype>
                <value>0</value>
                <defvalue>0</defvalue>
            </parameter>
            <parameter>
                <cdfname>val1</cdfname>
                <prompt>One value</prompt>
                <datatype>string</datatype>
                <value>1</value>
                <defvalue></defvalue>
            </parameter>
            <parameter>
                <cdfname>val0</cdfname>
                <prompt>Zero value</prompt>
                <datatype>string</datatype>
                <value>0</value>
                <defvalue></defvalue>
            </parameter>
            <parameter>
                <cdfname>per</cdfname>
                <prompt>Period</prompt>
                <datatype>string</datatype>
                <value>1.2m</value>
                <defvalue></defvalue>
            </parameter>
        </parameterset>
    </namedstimuli>
    <namedstimuli>
        <stimuliname>init0</stimuliname>
        <timeStamp>09/09/2024;4:33:40:PM</timeStamp>
        <simStopTime>1n</simStopTime>
        <isourceResistorValue>1k</isourceResistorValue>
        <libname></libname>
        <srctype>bit</srctype>
        <sourcetype>V</sourcetype>
        <cdfinstname>vbit</cdfinstname>
        <parameterset>
            <parameter>
                <cdfname>data</cdfname>
                <prompt>Pattern Parameter data</prompt>
                <datatype>string</datatype>
                <value>01</value>
                <defvalue></defvalue>
            </parameter>
            <parameter>
                <cdfname>rptstart</cdfname>
                <prompt>Pattern Parameter rptstart</prompt>
                <datatype>string</datatype>
                <value>1</value>
                <defvalue>1</defvalue>
            </parameter>
            <parameter>
                <cdfname>rpttimes</cdfname>
                <prompt>Pattern Parameter rpttimes</prompt>
                <datatype>string</datatype>
                <value>0</value>
                <defvalue>0</defvalue>
            </parameter>
            <parameter>
                <cdfname>trigger</cdfname>
                <prompt>Trigger</prompt>
                <datatype>cyclic</datatype>
                <value>Internal</value>
                <defvalue>Internal</defvalue>
            </parameter>
            <parameter>
                <cdfname>nPeriodicJitter</cdfname>
                <prompt>Number of periodic jitters</prompt>
                <datatype>string</datatype>
                <value>0</value>
                <defvalue>0</defvalue>
            </parameter>
            <parameter>
                <cdfname>val1</cdfname>
                <prompt>One value</prompt>
                <datatype>string</datatype>
                <value>1</value>
                <defvalue></defvalue>
            </parameter>
            <parameter>
                <cdfname>val0</cdfname>
                <prompt>Zero value</prompt>
                <datatype>string</datatype>
                <value>0</value>
                <defvalue></defvalue>
            </parameter>
            <parameter>
                <cdfname>per</cdfname>
                <prompt>Period</prompt>
                <datatype>string</datatype>
                <value>1.2m</value>
                <defvalue></defvalue>
            </parameter>
        </parameterset>
    </namedstimuli>
    <namedstimuli>
        <stimuliname>Gnd</stimuliname>
        <timeStamp>09/09/2024;5:29:33:PM</timeStamp>
        <simStopTime>1n</simStopTime>
        <isourceResistorValue>1k</isourceResistorValue>
        <libname></libname>
        <srctype>dc</srctype>
        <sourcetype>V</sourcetype>
        <cdfinstname>vdc</cdfinstname>
        <parameterset>
            <parameter>
                <cdfname>FNpairs</cdfname>
                <prompt>Number of noise/freq pairs</prompt>
                <datatype>int</datatype>
                <value>0</value>
                <defvalue>0</defvalue>
            </parameter>
            <parameter>
                <cdfname>vdc</cdfname>
                <prompt>DC voltage</prompt>
                <datatype>string</datatype>
                <value>0</value>
                <defvalue></defvalue>
            </parameter>
        </parameterset>
    </namedstimuli>
    <namedstimuli>
        <stimuliname>Vdd</stimuliname>
        <timeStamp>09/09/2024;5:29:40:PM</timeStamp>
        <simStopTime>1n</simStopTime>
        <isourceResistorValue>1k</isourceResistorValue>
        <libname></libname>
        <srctype>dc</srctype>
        <sourcetype>V</sourcetype>
        <cdfinstname>vdc</cdfinstname>
        <parameterset>
            <parameter>
                <cdfname>FNpairs</cdfname>
                <prompt>Number of noise/freq pairs</prompt>
                <datatype>int</datatype>
                <value>0</value>
                <defvalue>0</defvalue>
            </parameter>
            <parameter>
                <cdfname>vdc</cdfname>
                <prompt>DC voltage</prompt>
                <datatype>string</datatype>
                <value>1</value>
                <defvalue></defvalue>
            </parameter>
        </parameterset>
    </namedstimuli>
    <namedstimuli>
        <stimuliname>switch</stimuliname>
        <timeStamp>09/09/2024;8:7:22:PM</timeStamp>
        <simStopTime>1n</simStopTime>
        <isourceResistorValue>1k</isourceResistorValue>
        <libname></libname>
        <srctype>bit</srctype>
        <sourcetype>V</sourcetype>
        <cdfinstname>vbit</cdfinstname>
        <parameterset>
            <parameter>
                <cdfname>data</cdfname>
                <prompt>Pattern Parameter data</prompt>
                <datatype>string</datatype>
                <value>10</value>
                <defvalue></defvalue>
            </parameter>
            <parameter>
                <cdfname>rptstart</cdfname>
                <prompt>Pattern Parameter rptstart</prompt>
                <datatype>string</datatype>
                <value>1</value>
                <defvalue>1</defvalue>
            </parameter>
            <parameter>
                <cdfname>rpttimes</cdfname>
                <prompt>Pattern Parameter rpttimes</prompt>
                <datatype>string</datatype>
                <value>0</value>
                <defvalue>0</defvalue>
            </parameter>
            <parameter>
                <cdfname>trigger</cdfname>
                <prompt>Trigger</prompt>
                <datatype>cyclic</datatype>
                <value>Internal</value>
                <defvalue>Internal</defvalue>
            </parameter>
            <parameter>
                <cdfname>nPeriodicJitter</cdfname>
                <prompt>Number of periodic jitters</prompt>
                <datatype>string</datatype>
                <value>0</value>
                <defvalue>0</defvalue>
            </parameter>
            <parameter>
                <cdfname>val1</cdfname>
                <prompt>One value</prompt>
                <datatype>string</datatype>
                <value>1</value>
                <defvalue></defvalue>
            </parameter>
            <parameter>
                <cdfname>val0</cdfname>
                <prompt>Zero value</prompt>
                <datatype>string</datatype>
                <value>0</value>
                <defvalue></defvalue>
            </parameter>
            <parameter>
                <cdfname>per</cdfname>
                <prompt>Period</prompt>
                <datatype>string</datatype>
                <value>2.5m</value>
                <defvalue></defvalue>
            </parameter>
        </parameterset>
    </namedstimuli>
    <namedstimuli>
        <stimuliname>dfftestin</stimuliname>
        <timeStamp>09/09/2024;8:7:0:PM</timeStamp>
        <simStopTime>1n</simStopTime>
        <isourceResistorValue>1k</isourceResistorValue>
        <libname></libname>
        <srctype>bit</srctype>
        <sourcetype>V</sourcetype>
        <cdfinstname>vbit</cdfinstname>
        <parameterset>
            <parameter>
                <cdfname>data</cdfname>
                <prompt>Pattern Parameter data</prompt>
                <datatype>string</datatype>
                <value>01</value>
                <defvalue></defvalue>
            </parameter>
            <parameter>
                <cdfname>rptstart</cdfname>
                <prompt>Pattern Parameter rptstart</prompt>
                <datatype>string</datatype>
                <value>1</value>
                <defvalue>1</defvalue>
            </parameter>
            <parameter>
                <cdfname>rpttimes</cdfname>
                <prompt>Pattern Parameter rpttimes</prompt>
                <datatype>string</datatype>
                <value>20</value>
                <defvalue>0</defvalue>
            </parameter>
            <parameter>
                <cdfname>trigger</cdfname>
                <prompt>Trigger</prompt>
                <datatype>cyclic</datatype>
                <value>Internal</value>
                <defvalue>Internal</defvalue>
            </parameter>
            <parameter>
                <cdfname>nPeriodicJitter</cdfname>
                <prompt>Number of periodic jitters</prompt>
                <datatype>string</datatype>
                <value>0</value>
                <defvalue>0</defvalue>
            </parameter>
            <parameter>
                <cdfname>val1</cdfname>
                <prompt>One value</prompt>
                <datatype>string</datatype>
                <value>1</value>
                <defvalue></defvalue>
            </parameter>
            <parameter>
                <cdfname>val0</cdfname>
                <prompt>Zero value</prompt>
                <datatype>string</datatype>
                <value>0</value>
                <defvalue></defvalue>
            </parameter>
            <parameter>
                <cdfname>tr</cdfname>
                <prompt>Rise time</prompt>
                <datatype>string</datatype>
                <value>10p</value>
                <defvalue></defvalue>
            </parameter>
            <parameter>
                <cdfname>tf</cdfname>
                <prompt>Fall time</prompt>
                <datatype>string</datatype>
                <value>10p</value>
                <defvalue></defvalue>
            </parameter>
            <parameter>
                <cdfname>per</cdfname>
                <prompt>Period</prompt>
                <datatype>string</datatype>
                <value>5m</value>
                <defvalue></defvalue>
            </parameter>
        </parameterset>
    </namedstimuli>
</stimuliset>